date,call_wall,large_gamma_1,large_gamma_2,large_gamma_3,large_gamma_4,vol_trigger,zero_gamma,put_wall,combo_1,combo_2,combo_3,combo_4
20260624,5502.7,4402.2,4072.0,3961.9,3851.9,4402.2,4292.1,3961.9,3851.9,3906.9,3961.9,4072.0
20260625,4374.2,4374.2,4046.1,3936.8,3827.4,4414.6,4299.8,3936.8,3827.4,3882.1,3936.8,4046.1
20260626,4395.3,4395.3,4065.6,3955.8,3845.9,4405.2,4255.7,3955.8,3845.9,3900.8,3955.8,4065.6
20260629,4300.0,4200.0,4150.0,4100.0,4000.0,4304.0,4254.0,4000.0,,,,
20260630,4300.0,4400.0,4300.0,4150.0,4000.0,4360.0,4252.0,4000.0,,,,
20260701,4300.0,4300.0,4200.0,4150.0,4000.0,4394.0,4234.0,4000.0,,,,
20260702,4300.0,4250.0,4200.0,4150.0,4000.0,4328.0,4198.0,4000.0,,,,
20260706,4300.0,4400.0,4300.0,4200.0,4150.0,4218.0,4154.0,4000.0,,,,
20260707,4300.0,4300.0,4250.0,4200.0,4150.0,4191.0,4127.0,4000.0,,,,
